substitution_type,host,slope,p_value,r_squared,sig_label
C>T,human,3.926861131683781e-5,0.21596941979947232,0.003953229804054561,
C>T,mink,-4.3656133372909104e-4,3.0011983319843247e-21,0.40311404954976626,***
C>T,deer,8.969839425795964e-4,0.06447361532886452,0.14692124060122894,
C>A,human,-1.9392424789082405e-6,0.8021470361662092,1.6243176018138119e-4,
C>A,mink,1.0501588264320227e-4,1.7145934445932394e-4,0.07816090750685163,***
C>A,deer,-6.776459704927175e-5,0.28921145795973197,0.050886217298369514,
C>G,human,-3.059919289405999e-5,1.4417155898388015e-6,0.05831838473736105,***
C>G,mink,-5.474431245116815e-5,5.633008821600715e-39,0.6257076905348701,***
C>G,deer,-7.582342758890418e-5,0.0951642320149922,0.12142753291060181,
T>C,human,1.1165800163062158e-5,0.5128374340068236,0.001107466219966914,
T>C,mink,1.6851224451329403e-4,1.6717402051536485e-8,0.16766706051926214,***
T>C,deer,-2.5267429115337e-4,0.03244274036980695,0.19155558869500156,*
T>A,human,5.071112179146051e-6,0.5981161562949658,7.186195135325782e-4,
T>A,mink,2.0750054620937965e-4,1.9046835435573949e-34,0.5782296788704618,***
T>A,deer,-6.0707722248964825e-5,0.20934499646457136,0.07064996981949763,
T>G,human,-2.080949282677076e-5,1.936224501973034e-4,0.035304594625762326,***
T>G,mink,-3.183150858762905e-5,1.2539374975493259e-5,0.10413372890805372,***
T>G,deer,-1.4377703951682341e-5,0.5812268990812812,0.014047602887077579,
G>A,human,4.153522708962881e-5,0.01737493680787122,0.014532658138609805,*
G>A,mink,2.4629324446013103e-4,8.907186351244387e-8,0.15195624737163518,***
G>A,deer,-1.064598712085626e-4,0.28024477974659934,0.05276464666898479,
G>T,human,-1.0058007757630729e-4,0.00163365756271679,0.025343163603420264,**
G>T,mink,-2.6745428383382415e-4,1.405059702679914e-16,0.32538577980558553,***
G>T,deer,-2.918774475971632e-4,0.1752204426620426,0.0818893298969319,
G>C,human,9.53394554580196e-6,0.30611258563281984,0.0027062231883836062,
G>C,mink,-6.929571601776766e-6,0.45476004265386094,0.00321532612169096,
G>C,deer,-4.0747985234381486e-5,0.4288802195805196,0.028680657743238178,
A>G,human,2.390104589252337e-5,0.1890384349365019,0.0044534263564222215,
A>G,mink,-7.6881633798924e-5,0.008493791257698505,0.03913408467246496,**
A>G,deer,-6.803041478645305e-5,0.5378900287477705,0.01748939164782518,
A>T,human,1.5533193140569325e-5,0.035585775193009365,0.011362728221084617,*
A>T,mink,1.4678932448659485e-4,4.638056999838891e-9,0.17953975538215447,***
A>T,deer,6.006887696221581e-5,0.3225993680824999,0.044470556629309925,
A>C,human,7.919070448476855e-6,0.1279462180549312,0.005977520956780701,
A>C,mink,2.9140168981193583e-7,0.9367740569803198,3.6267021737740836e-5,
A>C,deer,2.141064127694004e-5,0.5200089542191929,0.019060125223710724,
