seqName,samplingDate,days_since_tmrca,PC1,PC2,PC3,PC4,PC5,PC6,PC7,displacement_2pc,displacement_npc
hCoV-19/mink/USA/WI/MP01N-123/2022-08-08,2022-08-08,71,-1.8883484727487065,-0.42046195097519834,-0.49799092994444843,-0.2975794945832381,-0.3598008541399143,-0.23879009784223787,-0.8692197301662721,2.845827316927007,3.1100572307609187
hCoV-19/mink/USA/WI/MP01N-150/2022-08-08,2022-08-08,71,-0.41381016466454534,-1.5131474760892412,0.5666284747824506,-1.2066123066742112,1.559226055674192,2.08584567257137,-1.0195098803272054,2.0203305430636256,3.7723334986368
hCoV-19/mink/USA/WI/MP01N-151/2022-08-08,2022-08-08,71,-1.1687266326280166,-1.432028781631647,0.7553220083548502,-0.29944141171832317,1.3850882876229842,2.6325688098035105,0.22915893928887637,2.5370303796732365,4.023614819219658
hCoV-19/mink/USA/WI/MP01N-239/2022-08-08,2022-08-08,71,-1.950050884228982,-0.5213096292216033,0.009215229808888614,-0.17737422362629185,0.35837971812211844,0.15441441717250698,1.0827638254211562,2.923114232080936,3.1543993564667856
hCoV-19/mink/USA/WI/MP02N-025/2022-08-21,2022-08-21,84,-1.0493967363617513,-0.559449730042541,-0.3331005794517829,-1.1787194960211054,0.37368960274071766,-0.6539618289989254,-0.2769966547871795,2.0531486749713155,2.611023600496207
hCoV-19/mink/USA/WI/MP02N-066/2022-08-21,2022-08-21,84,-1.4842830295842688,-0.3258406955594248,-0.56950059161939,-0.15571010824670922,-0.4666134473353509,0.1346426984741037,-1.0546913958278366,2.4324719618415576,2.8158989768037186
hCoV-19/mink/USA/WI/MP02N-067/2022-08-21,2022-08-21,84,-1.4842830295842688,-0.3258406955594248,-0.56950059161939,-0.15571010824670922,-0.4666134473353509,0.1346426984741037,-1.0546913958278366,2.4324719618415576,2.8158989768037186
hCoV-19/mink/USA/WI/MP02N-158/2022-08-21,2022-08-21,84,-1.8655338780770143,-0.6475231956736668,0.3271113052751372,-1.5973067268456578,1.2355394037255851,-0.6978397385481738,0.026090998371575587,2.865778486081022,3.6451476916513657
hCoV-19/mink/USA/WI/MP02N-163/2022-08-21,2022-08-21,84,-1.1773582773954283,-0.3100902924212462,-0.44149311877443975,-1.2245720444436814,0.49730082400428594,-0.41237079348298666,-0.18101385514375465,2.1263398258749935,2.680832524111763
hCoV-19/mink/USA/WI/MP02N-165/2022-08-21,2022-08-21,84,-1.4151019383827412,-0.8833074424898061,-0.13036749190174035,-0.6031376318703544,-0.04144859632546513,-0.6123859719426356,-0.6433620908405133,2.50213282788781,2.7707721523477358
hCoV-19/mink/USA/WI/MP02N-171/2022-08-21,2022-08-21,84,-1.1773582773954283,-0.3100902924212462,-0.44149311877443975,-1.2245720444436814,0.49730082400428594,-0.41237079348298666,-0.18101385514375465,2.1263398258749935,2.680832524111763
hCoV-19/mink/USA/WI/MP02N-187/2022-08-21,2022-08-21,84,-1.1773582773954283,-0.3100902924212462,-0.44149311877443975,-1.2245720444436814,0.49730082400428594,-0.41237079348298666,-0.18101385514375465,2.1263398258749935,2.680832524111763
hCoV-19/mink/USA/WI/MP02N-190/2022-08-21,2022-08-21,84,-1.173731415600645,-0.04244036905238306,-0.6729982397906897,-1.3280743693136505,0.4759520573488854,-0.36554907405556203,-0.16512363322225837,2.100585506127259,2.763168742337001
hCoV-19/mink/USA/WI/MP02N-197/2022-08-21,2022-08-21,84,-1.399616431314684,-0.34665340634740704,-0.5879532833928196,-0.8249433445686284,-0.06338016700624668,-0.514943542387615,-0.5962042258598865,2.3515547012371623,2.7611259352846833
hCoV-19/mink/USA/WI/MP02N-205/2022-08-21,2022-08-21,84,-1.539436617621635,-0.3662980814996474,-0.47026515224064797,-0.7524925051629001,0.06081385828270258,-0.3239732169992718,-0.5314890692755923,2.492744153630623,2.7925354958041915
hCoV-19/mink/USA/WI/MP02N-206/2022-08-21,2022-08-21,84,-1.5499635775677572,-0.6400585277448744,-0.23493487862911389,-0.6381301451202753,0.07432982872930724,-0.3700104862935589,-0.5542918465943211,2.557448742567033,2.785134288517371
hCoV-19/mink/USA/WI/MP02N-232/2022-08-21,2022-08-21,84,-1.399616431314684,-0.34665340634740704,-0.5879532833928196,-0.8249433445686284,-0.06338016700624668,-0.514943542387615,-0.5962042258598865,2.3515547012371623,2.7611259352846833
hCoV-19/mink/USA/WI/MP02N-236/2022-08-21,2022-08-21,84,-1.1773582773954283,-0.3100902924212462,-0.44149311877443975,-1.2245720444436814,0.49730082400428594,-0.41237079348298666,-0.18101385514375465,2.1263398258749935,2.680832524111763
hCoV-19/mink/USA/WI/MP02N-237/2022-08-21,2022-08-21,84,-1.1773582773954283,-0.3100902924212462,-0.44149311877443975,-1.2245720444436814,0.49730082400428594,-0.41237079348298666,-0.18101385514375465,2.1263398258749935,2.680832524111763
hCoV-19/mink/USA/WI/MP02N-245/2022-08-21,2022-08-21,84,-0.4698758114682222,-0.5262127993125978,-0.7499927541640969,-0.6180389218307126,-0.22467913533778475,-0.21485886426155443,-0.4298903493365795,1.4917035685993747,1.972093837178061
hCoV-19/mink/USA/WI/MP03N-017/2022-08-28,2022-08-28,91,-2.603453248282757,-0.36030404615281203,-0.29365586295857504,0.5771591913182419,-0.49656068151495575,0.3396814792681433,0.3544676792752201,3.5481066553382865,3.6664785738470624
hCoV-19/mink/USA/WI/MP03N-023/2022-08-28,2022-08-28,91,-0.9390895602870195,-0.47853495816209557,-0.5315714582092672,0.014845297811276345,-0.6811650084953893,0.2632700019478254,-1.323401307891668,1.9255965219588485,2.559740592898132
hCoV-19/mink/USA/WI/MP03N-026/2022-08-28,2022-08-28,91,-1.0493967363617513,-0.559449730042541,-0.3331005794517829,-1.1787194960211054,0.37368960274071766,-0.6539618289989254,-0.2769966547871795,2.0531486749713155,2.611023600496207
hCoV-19/mink/USA/WI/MP03N-027/2022-08-28,2022-08-28,91,-1.8883484727487065,-0.42046195097519834,-0.49799092994444843,-0.2975794945832381,-0.3598008541399143,-0.23879009784223787,-0.8692197301662721,2.845827316927007,3.1100572307609187
hCoV-19/mink/USA/WI/MP03N-042/2022-08-28,2022-08-28,91,-1.0649698338475884,-0.22764882673173586,-0.6437087310933862,-0.00848716016163227,-0.577456704424955,0.5221672984250239,-1.2471619922690824,2.0042355663893896,2.6324241689819976
hCoV-19/mink/USA/WI/MP03N-043/2022-08-28,2022-08-28,91,0.11582085300209514,-0.11547591925037229,-0.26579487935861207,0.7304463806335562,-0.44372687839614494,0.5651323686179711,0.17516882359321884,0.818621572872442,1.3224636422972533
hCoV-19/mink/USA/WI/MP03N-051/2022-08-28,2022-08-28,91,-0.3739651282853802,-0.228265584257758,-1.0874715882411823,-0.8128873077376843,-0.3508778921709282,-0.3737793458793901,-0.4802662332374111,1.3200614954608896,2.1573107754994814
hCoV-19/mink/USA/WI/MP03N-056/2022-08-28,2022-08-28,91,-2.6329431666064944,-0.6240005846191787,-0.06367197585505907,0.7115384054771555,-0.4936702834445483,0.30738474151669215,0.3486023983780963,3.6134404533469593,3.723952302728338
hCoV-19/mink/USA/WI/MP03N-060/2022-08-28,2022-08-28,91,-1.4842830295842688,-0.3258406955594248,-0.56950059161939,-0.15571010824670922,-0.4666134473353509,0.1346426984741037,-1.0546913958278366,2.4324719618415576,2.8158989768037186
hCoV-19/mink/USA/WI/MP03N-069/2022-08-28,2022-08-28,91,-1.3400304235102056,-0.054120813073428475,-0.8987169693000339,-0.3646364113998403,-0.573436779493194,-0.03430836636045976,-1.0695316518132951,2.267096710788228,2.829418655924013
hCoV-19/mink/USA/WI/MP03N-103/2022-08-28,2022-08-28,91,-2.57499806393529,-0.10586001780807229,-0.5155701399882833,0.44749503730525475,-0.4993496621092081,0.3708449981511224,0.36012716084262014,3.5030092217518773,3.6473659197698107
hCoV-19/mink/USA/WI/MP03N-118/2022-08-28,2022-08-28,91,-1.1128628432044683,-0.8601859649447388,-0.3114904982485903,-0.305656936925577,-0.2990252701301945,0.3655951861015062,-1.3600565104854343,2.212769804747543,2.737555217765983
hCoV-19/mink/USA/WI/MP03N-149/2022-08-28,2022-08-28,91,-1.8655338780770143,-0.6475231956736668,0.3271113052751372,-1.5973067268456578,1.2355394037255851,-0.6978397385481738,0.026090998371575587,2.865778486081022,3.6451476916513657
hCoV-19/mink/USA/WI/MP03N-152/2022-08-28,2022-08-28,91,-1.2797222763343221,-0.8451981473022028,-0.2601948252088734,-0.6809225738936738,-0.1619903910926943,-0.7930558417972872,-0.7040817823689178,2.3620397688768233,2.7476402107612192
hCoV-19/mink/USA/WI/MP03N-157/2022-08-28,2022-08-28,91,-1.418159745314893,0.411830110565111,0.8398389915880906,-0.7170885065822389,-0.09115810412211647,-0.2994851017461812,-1.036284090267738,2.3807464047414153,2.8497999279908113
hCoV-19/mink/USA/WI/MP03N-159/2022-08-28,2022-08-28,91,-1.790989518548257,-0.4375894824365221,-0.518629001219219,-0.9500939237298065,0.032610347825681535,-0.8638771837303699,-0.4252839725016747,2.752229746895631,3.177396972113602
hCoV-19/mink/USA/WI/MP03N-170/2022-08-28,2022-08-28,91,-2.228639010904891,-1.1310726960303785,0.4112298451606387,-0.17211476020651506,0.34963021648231296,-0.5147126991800633,1.1202146258958101,3.351238926986026,3.5978196954392017
hCoV-19/mink/USA/WI/MP03N-172/2022-08-28,2022-08-28,91,-1.5499635775677572,-0.6400585277448744,-0.23493487862911389,-0.6381301451202753,0.07432982872930724,-0.3700104862935589,-0.5542918465943211,2.557448742567033,2.785134288517371
hCoV-19/mink/USA/WI/MP03N-182/2022-08-28,2022-08-28,91,-1.8491630236770162,-0.37362451483716586,0.08137276899870931,-1.6939065575970715,1.2005195522605308,-0.6457315571750973,0.03814594522797322,2.80046544828124,3.6166030367208317
hCoV-19/mink/USA/WI/MP03N-189/2022-08-28,2022-08-28,91,-1.173731415600645,-0.04244036905238306,-0.6729982397906897,-1.3280743693136505,0.4759520573488854,-0.36554907405556203,-0.16512363322225837,2.100585506127259,2.763168742337001
hCoV-19/mink/USA/WI/MP03N-194/2022-08-28,2022-08-28,91,-1.0506776608124042,-0.8368545470149922,-0.09518229503291181,-1.0723991546739182,0.3931088891204924,-0.7062252985196211,-0.29499768843631574,2.1464055919382155,2.6198281647857815
hCoV-19/mink/USA/WI/MP03N-195/2022-08-28,2022-08-28,91,-1.0481623909820317,-0.2921323609599972,-0.5623672898917862,-1.2811736431374858,0.3549764722292981,-0.6035988492789824,-0.25965020417983015,1.995905851330897,2.655875656345846
hCoV-19/mink/USA/WI/MP03N-197/2022-08-28,2022-08-28,91,-1.4796057407085108,-0.22720128095527545,-0.8888192119590905,0.518921345978271,-0.8935491551666708,0.2916541407051721,0.40386112831203774,2.41663226057925,2.838245052227155
hCoV-19/mink/USA/WI/MP03N-198/2022-08-28,2022-08-28,91,-1.40721840751173,-0.6101017513627662,-0.3633202584790174,-0.716056903789476,-0.052613759581135816,-0.5627789168964431,-0.6193544504867396,2.4117544254628047,2.740493299468583
hCoV-19/mink/USA/WI/MP03N-199/2022-08-28,2022-08-28,91,-1.5623227074915351,0.3590214292410364,-1.0327002360613815,-1.6368760960445086,0.5227793881487504,-0.6300317015215636,0.027784039978777382,2.514735616954312,3.393482204687981
hCoV-19/mink/USA/WI/MP03N-204/2022-08-28,2022-08-28,91,-1.9515155872982581,0.8693295485969501,0.16618512739740193,-0.7923246829369333,0.11287464967359098,-0.8727199191394657,-0.5247272073353928,3.0067994830883977,3.3073120814009522
hCoV-19/mink/USA/WI/MP03N-207/2022-08-28,2022-08-28,91,-1.1773582773954283,-0.3100902924212462,-0.44149311877443975,-1.2245720444436814,0.49730082400428594,-0.41237079348298666,-0.18101385514375465,2.1263398258749935,2.680832524111763
hCoV-19/mink/USA/WI/MP03N-209/2022-08-28,2022-08-28,91,-0.3623471121068669,-0.8793124402516022,-0.45084011094204396,-0.7024802896741612,0.1808839886572079,0.5341650839622291,-0.6500622712780224,1.5594116406812804,2.0842926369936134
hCoV-19/mink/USA/WI/MP03N-210/2022-08-28,2022-08-28,91,-1.7486753676878717,-0.22740009879166911,-0.023276339676119445,-2.497080504706144,1.9800468155626443,-0.2924275959376575,0.347159520053933,2.6846590723487207,4.28666401335267
hCoV-19/mink/USA/WI/MP03N-211/2022-08-28,2022-08-28,91,-1.6817911885525576,-1.0962237163792177,0.37647374323459665,-0.23924287875469186,0.6123822408844675,0.6083647971304426,0.7298830440207447,2.828712094301027,3.0848726497655337
hCoV-19/mink/USA/WI/MP03N-216/2022-08-28,2022-08-28,91,-1.4151019383827412,-0.8833074424898061,-0.13036749190174035,-0.6031376318703544,-0.04144859632546513,-0.6123859719426356,-0.6433620908405133,2.50213282788781,2.7707721523477358
hCoV-19/mink/USA/WI/MP03N-219/2022-08-28,2022-08-28,91,-2.050925481959757,-0.6660095469255909,0.13947590365410117,-1.1777100975562127,0.6353099173728405,-0.7851195082528813,-0.40019427521144907,3.050657214332534,3.4962202428555615
hCoV-19/mink/USA/WI/MP03N-220/2022-08-28,2022-08-28,91,-2.0703694408958038,-0.9352643672241896,0.3773349137869386,-1.0752375977404707,0.658779780877571,-0.8378671730501688,-0.4197806825537851,3.1389611818436727,3.5629976192037645
hCoV-19/mink/USA/WI/MP03N-223/2022-08-28,2022-08-28,91,-1.1773582773954283,-0.3100902924212462,-0.44149311877443975,-1.2245720444436814,0.49730082400428594,-0.41237079348298666,-0.18101385514375465,2.1263398258749935,2.680832524111763
hCoV-19/mink/USA/WI/MP03N-225/2022-08-28,2022-08-28,91,-1.9424992682763018,-0.4601837480801442,-0.4005597712816834,-0.8835113024645892,0.15803686410326534,-0.6890675421251882,-0.35553017318770525,2.905405963462183,3.2237424601634355
hCoV-19/mink/USA/WI/MP03N-228/2022-08-28,2022-08-28,91,-1.0493967363617513,-0.559449730042541,-0.3331005794517829,-1.1787194960211054,0.37368960274071766,-0.6539618289989254,-0.2769966547871795,2.0531486749713155,2.611023600496207
hCoV-19/mink/USA/WI/MP03N-231/2022-08-28,2022-08-28,91,-1.399616431314684,-0.34665340634740704,-0.5879532833928196,-0.8249433445686284,-0.06338016700624668,-0.514943542387615,-0.5962042258598865,2.3515547012371623,2.7611259352846833
hCoV-19/mink/USA/WI/MP03N-235/2022-08-28,2022-08-28,91,-1.4470823753740558,0.027186678251693217,-0.7596201510709668,-1.6950159917970176,0.873500490291045,0.04866516304562226,-0.17750241399140215,2.3737071297745915,3.2686212586067582
hCoV-19/mink/USA/WI/MP03N-243/2022-08-28,2022-08-28,91,-3.1207934362814527,-0.49388572155301513,1.0710831994264565,-2.5822897432088454,2.5316121450312816,-1.0874501455923076,0.452984138788743,4.077102003584262,5.718392939169266
hCoV-19/mink/USA/WI/MP03N-248/2022-08-28,2022-08-28,91,-0.8423973118678612,-1.0342800405833552,0.14168296721843543,-1.5218067735439864,1.549038965509567,1.6923422689671086,-0.7816345099101196,2.048342319025502,3.62169456840562
hCoV-19/mink/USA/WI/MP03N-249/2022-08-28,2022-08-28,91,-1.4365487825619718,0.11532278522013593,-0.9215898181180988,-1.5870771017958887,0.40725379310776483,-0.8512085120357379,-0.06517921994997256,2.365881837815767,3.251444491404854
hCoV-19/mink/USA/WI/MP04N-002/2022-08-31,2022-08-31,94,-2.434611142762493,0.864274257343693,0.48991993334082334,0.35526440452298635,-0.6435336083702146,0.4237331926530832,-0.1043900833953359,3.470751226151007,3.5840249063359786
hCoV-19/mink/USA/WI/MP04N-008/2022-08-31,2022-08-31,94,-1.4842830295842688,-0.3258406955594248,-0.56950059161939,-0.15571010824670922,-0.4666134473353509,0.1346426984741037,-1.0546913958278366,2.4324719618415576,2.8158989768037186
hCoV-19/mink/USA/WI/MP04N-011/2022-08-31,2022-08-31,94,-1.8189710712078258,-0.12138755166725936,-0.8159104379830122,0.16152999364239629,-0.8736723938653133,0.24549653767566332,-1.3461241547205203,2.7480453601702988,3.3444435945007616
hCoV-19/mink/USA/WI/MP04N-019/2022-08-31,2022-08-31,94,-2.273887150076796,-0.30603119421640984,-0.2627190072678279,0.1464216661291458,-0.08608005163411435,0.2665648091341528,0.7083066446850059,3.2148073290200903,3.3249237107755163
hCoV-19/mink/USA/WI/MP04N-029/2022-08-31,2022-08-31,94,-1.8322500426573223,-0.5394926465294236,-0.6933265918215499,1.0739467149807809,-1.2938609899804903,0.3317451457237377,0.05058017211775163,2.810694401257428,3.350437795400151
hCoV-19/mink/USA/WI/MP04N-032/2022-08-31,2022-08-31,94,0.1096418816818314,-0.4432835862733696,0.032294690403420576,-0.43194415895202093,0.48769440816599147,-0.5903937759472326,1.1018342310143179,0.9286850280540401,1.7042000368561385
hCoV-19/mink/USA/WI/MP04N-036/2022-08-31,2022-08-31,94,-0.9313275761417774,-0.0015184487184011115,-1.2299615533283017,0.3251696988274809,-1.1055871765715783,0.6489008550346589,-1.2162089558412306,1.857780393786401,2.9301683981248234
hCoV-19/mink/USA/WI/MP04N-039/2022-08-31,2022-08-31,94,-2.603453248282757,-0.36030404615281203,-0.29365586295857504,0.5771591913182419,-0.49656068151495575,0.3396814792681433,0.3544676792752201,3.5481066553382865,3.6664785738470624
hCoV-19/mink/USA/WI/MP04N-042/2022-08-31,2022-08-31,94,-2.148165471043596,-0.8340844065825217,-0.16175483601858875,-0.5146383966407702,0.11374799145824932,0.09117140286188519,-0.8866607935768143,3.1853835837193545,3.399597262973785
hCoV-19/mink/USA/WI/MP04N-043/2022-08-31,2022-08-31,94,-1.0649698338475884,-0.22764882673173586,-0.6437087310933862,-0.00848716016163227,-0.577456704424955,0.5221672984250239,-1.2471619922690824,2.0042355663893896,2.6324241689819976
hCoV-19/mink/USA/WI/MP04N-050/2022-08-31,2022-08-31,94,-1.0481623909820317,-0.2921323609599972,-0.5623672898917862,-1.2811736431374858,0.3549764722292981,-0.6035988492789824,-0.25965020417983015,1.995905851330897,2.655875656345846
hCoV-19/mink/USA/WI/MP04N-052/2022-08-31,2022-08-31,94,-1.0493967363617513,-0.559449730042541,-0.3331005794517829,-1.1787194960211054,0.37368960274071766,-0.6539618289989254,-0.2769966547871795,2.0531486749713155,2.611023600496207
hCoV-19/mink/USA/WI/MP04N-054/2022-08-31,2022-08-31,94,-1.3530676119841343,-0.5703799542578203,-0.4607514171417824,-0.130125095908125,-0.5704514778243155,-0.11250147261349258,-1.1330440074653068,2.349461737898796,2.761924329972286
hCoV-19/mink/USA/WI/MP04N-056/2022-08-31,2022-08-31,94,-2.6329431666064944,-0.6240005846191787,-0.06367197585505907,0.7115384054771555,-0.4936702834445483,0.30738474151669215,0.3486023983780963,3.6134404533469593,3.723952302728338
hCoV-19/mink/USA/WI/MP04N-063/2022-08-31,2022-08-31,94,-2.9214556237446483,-0.4126725874949546,-0.3235072149408749,0.9927831191322818,-0.8926384822771707,0.4102326522044499,0.013044116160514437,3.869826629221561,4.108441971773232
hCoV-19/mink/USA/WI/MP04N-071/2022-08-31,2022-08-31,94,-2.4835590933023943,-0.8588487871076071,0.0341025952253709,0.7211799619931963,-0.595170905601403,0.06156917985847137,0.2465901227661889,3.5161666780832435,3.6187646134422193
hCoV-19/mink/USA/WI/MP04N-072/2022-08-31,2022-08-31,94,-2.603453248282757,-0.36030404615281203,-0.29365586295857504,0.5771591913182419,-0.49656068151495575,0.3396814792681433,0.3544676792752201,3.5481066553382865,3.6664785738470624
hCoV-19/mink/USA/WI/MP04N-076/2022-08-31,2022-08-31,94,-2.603453248282757,-0.36030404615281203,-0.29365586295857504,0.5771591913182419,-0.49656068151495575,0.3396814792681433,0.3544676792752201,3.5481066553382865,3.6664785738470624
hCoV-19/mink/USA/WI/MP04N-092/2022-08-31,2022-08-31,94,-1.3641757644041501,-0.6633234852427237,-0.28994704098298885,-0.24395156172749705,-0.07877314261285667,0.8364562211086682,-1.2514939211817235,2.3843539941169416,2.9075199782698733
hCoV-19/mink/USA/WI/MP04N-098/2022-08-31,2022-08-31,94,-2.603453248282757,-0.36030404615281203,-0.29365586295857504,0.5771591913182419,-0.49656068151495575,0.3396814792681433,0.3544676792752201,3.5481066553382865,3.6664785738470624
hCoV-19/mink/USA/WI/MP04N-102/2022-08-31,2022-08-31,94,-2.57499806393529,-0.10586001780807229,-0.5155701399882833,0.44749503730525475,-0.4993496621092081,0.3708449981511224,0.36012716084262014,3.5030092217518773,3.6473659197698107
hCoV-19/mink/USA/WI/MP04N-103/2022-08-31,2022-08-31,94,-2.57499806393529,-0.10586001780807229,-0.5155701399882833,0.44749503730525475,-0.4993496621092081,0.3708449981511224,0.36012716084262014,3.5030092217518773,3.6473659197698107
hCoV-19/mink/USA/WI/MP04N-104/2022-08-31,2022-08-31,94,-2.6062468701975785,0.7139859967064858,0.4856476920260978,0.7202224539043769,-0.5051235074838188,0.07219172914162769,0.14298471397700502,3.604402919759766,3.7019528402674395
hCoV-19/mink/USA/WI/MP04N-108/2022-08-31,2022-08-31,94,-2.467925707868633,-0.6853407142578656,-0.02875059004030714,0.47915657305493875,-0.12180341846378374,1.013272794427916,0.1398484166512402,3.462600635901501,3.6428880014495846
hCoV-19/mink/USA/WI/MP04N-117/2022-08-31,2022-08-31,94,-1.2329580674435494,-0.6336015095232217,-0.4118974193520576,-0.3329748756501563,-0.19589053584776964,0.608119429916334,-1.2898103960046747,2.2500566884413367,2.7939810539664154
hCoV-19/mink/USA/WI/MP04N-148/2022-08-31,2022-08-31,94,-1.8491630236770162,-0.37362451483716586,0.08137276899870931,-1.6939065575970715,1.2005195522605308,-0.6457315571750973,0.03814594522797322,2.80046544828124,3.6166030367208317
hCoV-19/mink/USA/WI/MP04N-160/2022-08-31,2022-08-31,94,-1.5623227074915351,0.3590214292410364,-1.0327002360613815,-1.6368760960445086,0.5227793881487504,-0.6300317015215636,0.027784039978777382,2.514735616954312,3.393482204687981
hCoV-19/mink/USA/WI/MP04N-170/2022-08-31,2022-08-31,94,-1.563994188910621,-1.0818299487313126,-0.10541232419436034,0.32593280572782957,-0.3696430275433328,-0.27887988156351806,0.9214712157253621,2.7147174873604905,2.903572799132209
hCoV-19/mink/USA/WI/MP04N-174/2022-08-31,2022-08-31,94,-1.1773582773954283,-0.3100902924212462,-0.44149311877443975,-1.2245720444436814,0.49730082400428594,-0.41237079348298666,-0.18101385514375465,2.1263398258749935,2.680832524111763
hCoV-19/mink/USA/WI/MP04N-175/2022-08-31,2022-08-31,94,-2.2872811657844463,3.106739176711413,4.455986962827073,-1.615457335474451,1.422146872775285,-1.2696394028912148,-1.0833647308034529,4.470851369585894,6.822677925103784
hCoV-19/mink/USA/WI/MP04N-176/2022-08-31,2022-08-31,94,-1.2140672789906062,-0.2777551007215813,-0.6030014707825624,-1.7849532719830108,1.0605638368797823,0.4953226433487792,-0.44034421654204264,2.1582881146999666,3.259006230651891
hCoV-19/mink/USA/WI/MP04N-182/2022-08-31,2022-08-31,94,-1.8655338780770143,-0.6475231956736668,0.3271113052751372,-1.5973067268456578,1.2355394037255851,-0.6978397385481738,0.026090998371575587,2.865778486081022,3.6451476916513657
hCoV-19/mink/USA/WI/MP04N-186/2022-08-31,2022-08-31,94,-1.173731415600645,-0.04244036905238306,-0.6729982397906897,-1.3280743693136505,0.4759520573488854,-0.36554907405556203,-0.16512363322225837,2.100585506127259,2.763168742337001
hCoV-19/mink/USA/WI/MP04N-193/2022-08-31,2022-08-31,94,-1.5623227074915351,0.3590214292410364,-1.0327002360613815,-1.6368760960445086,0.5227793881487504,-0.6300317015215636,0.027784039978777382,2.514735616954312,3.393482204687981
hCoV-19/mink/USA/WI/MP04N-194/2022-08-31,2022-08-31,94,-1.1811246338746257,-0.5880344436119885,-0.20108395464217965,-1.1170888609248673,0.51947069706951,-0.4609933482730043,-0.19751523944684635,2.1877024827873846,2.648646276601821
hCoV-19/mink/USA/WI/MP04N-201/2022-08-31,2022-08-31,94,-1.9253387052798892,-0.19941251026626017,-0.6245278048954379,-0.989407486124543,0.143508838398076,-0.6389770135944179,-0.3370910963697635,2.8586588455156146,3.250208784281277
hCoV-19/mink/USA/WI/MP04N-203/2022-08-31,2022-08-31,94,-1.9253387052798892,-0.19941251026626017,-0.6245278048954379,-0.989407486124543,0.143508838398076,-0.6389770135944179,-0.3370910963697635,2.8586588455156146,3.250208784281277
hCoV-19/mink/USA/WI/MP04N-209/2022-08-31,2022-08-31,94,-1.0607105953080636,-0.6541144375271646,-0.15913315929004856,-1.294653859355651,0.8744730923079445,0.31256915534772023,-0.3976400854242705,2.091620479871966,2.766215256676077
hCoV-19/mink/USA/WI/MP04N-210/2022-08-31,2022-08-31,94,-1.6302220586704559,-0.549124133780448,0.2323998850317906,-2.5403892899644873,2.3056426172322855,0.3804485081884264,0.1363665922893546,2.614690482913331,4.4335031478105575
hCoV-19/mink/USA/WI/MP04N-211/2022-08-31,2022-08-31,94,-1.6928993409725734,-1.1891672473641213,0.5472781193933904,-0.35306934457406414,1.1040605760959266,1.557322490852604,0.6114331303043279,2.8760800056738565,3.584375008493823
hCoV-19/mink/USA/WI/MP04N-216/2022-08-31,2022-08-31,94,-1.0493967363617513,-0.559449730042541,-0.3331005794517829,-1.1787194960211054,0.37368960274071766,-0.6539618289989254,-0.2769966547871795,2.0531486749713155,2.611023600496207
hCoV-19/mink/USA/WI/MP04N-217/2022-08-31,2022-08-31,94,-1.1773582773954283,-0.3100902924212462,-0.44149311877443975,-1.2245720444436814,0.49730082400428594,-0.41237079348298666,-0.18101385514375465,2.1263398258749935,2.680832524111763
hCoV-19/mink/USA/WI/MP04N-230/2022-08-31,2022-08-31,94,-2.549473695030206,-0.05507745558269972,0.0427880838132646,-0.8856582996743619,1.00275307249177,-0.010676496634254136,1.25703954231223,3.476341200193061,3.9624744881265372
hCoV-19/mink/USA/WI/MP04N-243/2022-08-31,2022-08-31,94,-2.4965385064574557,-0.4348484018925074,0.5852253517619259,-2.1461743611812474,1.8781666903983676,-0.8706064749147681,0.24933629831345594,3.450327736399206,4.656599941027561
hCoV-19/mink/USA/WI/MP04N-249/2022-08-31,2022-08-31,94,-1.4365487825619718,0.11532278522013593,-0.9215898181180988,-1.5870771017958887,0.40725379310776483,-0.8512085120357379,-0.06517921994997256,2.365881837815767,3.251444491404854
hCoV-19/mink/USA/WI/MP05N-028/2022-09-07,2022-09-07,101,-2.4572073151826532,-0.5956583597987486,-0.1935618301935291,0.5889891277929294,-0.5962298822643144,0.0976118618889884,0.2541421930442738,3.4354502764609363,3.5374395511130134
hCoV-19/mink/USA/WI/MP05N-040/2022-09-07,2022-09-07,101,-2.57499806393529,-0.10586001780807229,-0.5155701399882833,0.44749503730525475,-0.4993496621092081,0.3708449981511224,0.36012716084262014,3.5030092217518773,3.6473659197698107
hCoV-19/mink/USA/WI/MP05N-045/2022-09-07,2022-09-07,101,-3.111652355790589,-0.37242431227326367,-0.06164034685906805,1.1726443049594766,-0.2646894680502582,1.5597994840394627,1.2933168318016108,4.0551158699510435,4.664886238054449
hCoV-19/mink/USA/WI/MP05N-047/2022-09-07,2022-09-07,101,-2.603453248282757,-0.36030404615281203,-0.29365586295857504,0.5771591913182419,-0.49656068151495575,0.3396814792681433,0.3544676792752201,3.5481066553382865,3.6664785738470624
hCoV-19/mink/USA/WI/MP05N-050/2022-09-07,2022-09-07,101,-2.973706391358995,-0.4510006373330604,-0.22949469342417178,0.42741032205378515,-0.39297050853375165,-0.024245583507168995,0.5087094781573774,3.925990000900523,3.999546653662133
hCoV-19/mink/USA/WI/MP05N-053/2022-09-07,2022-09-07,101,-2.57499806393529,-0.10586001780807229,-0.5155701399882833,0.44749503730525475,-0.4993496621092081,0.3708449981511224,0.36012716084262014,3.5030092217518773,3.6473659197698107
hCoV-19/mink/USA/WI/MP05N-065/2022-09-07,2022-09-07,101,-0.817935926520614,0.062045709913731414,-0.6564407638197081,1.6135048583141194,-1.0577208594550105,0.6490227722160551,1.4812690327613156,1.7455415561501224,3.080982788086907
hCoV-19/mink/USA/WI/MP05N-072/2022-09-07,2022-09-07,101,-2.603453248282757,-0.36030404615281203,-0.29365586295857504,0.5771591913182419,-0.49656068151495575,0.3396814792681433,0.3544676792752201,3.5481066553382865,3.6664785738470624
hCoV-19/mink/USA/WI/MP05N-085/2022-09-07,2022-09-07,101,-2.467925707868633,-0.6853407142578656,-0.02875059004030714,0.47915657305493875,-0.12180341846378374,1.013272794427916,0.1398484166512402,3.462600635901501,3.6428880014495846
hCoV-19/mink/USA/WI/MP05N-086/2022-09-07,2022-09-07,101,-2.57499806393529,-0.10586001780807229,-0.5155701399882833,0.44749503730525475,-0.4993496621092081,0.3708449981511224,0.36012716084262014,3.5030092217518773,3.6473659197698107
hCoV-19/mink/USA/WI/MP05N-087/2022-09-07,2022-09-07,101,-2.467925707868633,-0.6853407142578656,-0.02875059004030714,0.47915657305493875,-0.12180341846378374,1.013272794427916,0.1398484166512402,3.462600635901501,3.6428880014495846
hCoV-19/mink/USA/WI/MP05N-093/2022-09-07,2022-09-07,101,-2.0886407668729245,-0.5988287673084175,-0.08932704344285558,0.6298294825158447,-0.22055132197945243,1.3957269710949267,-0.020980186900669877,3.073716036609763,3.4428545362685394
hCoV-19/mink/USA/WI/MP05N-094/2022-09-07,2022-09-07,101,-2.57499806393529,-0.10586001780807229,-0.5155701399882833,0.44749503730525475,-0.4993496621092081,0.3708449981511224,0.36012716084262014,3.5030092217518773,3.6473659197698107
hCoV-19/mink/USA/WI/MP05N-095/2022-09-07,2022-09-07,101,-2.57499806393529,-0.10586001780807229,-0.5155701399882833,0.44749503730525475,-0.4993496621092081,0.3708449981511224,0.36012716084262014,3.5030092217518773,3.6473659197698107
hCoV-19/mink/USA/WI/MP05N-096/2022-09-07,2022-09-07,101,-2.4572073151826532,-0.5956583597987486,-0.1935618301935291,0.5889891277929294,-0.5962298822643144,0.0976118618889884,0.2541421930442738,3.4354502764609363,3.5374395511130134
hCoV-19/mink/USA/WI/MP05N-097/2022-09-07,2022-09-07,101,-2.467925707868633,-0.6853407142578656,-0.02875059004030714,0.47915657305493875,-0.12180341846378374,1.013272794427916,0.1398484166512402,3.462600635901501,3.6428880014495846
hCoV-19/mink/USA/WI/MP05N-098/2022-09-07,2022-09-07,101,-2.603453248282757,-0.36030404615281203,-0.29365586295857504,0.5771591913182419,-0.49656068151495575,0.3396814792681433,0.3544676792752201,3.5481066553382865,3.6664785738470624
hCoV-19/mink/USA/WI/MP05N-099/2022-09-07,2022-09-07,101,-2.281573047672296,-0.09891918622515992,-1.038174486425569,1.339360981716575,-1.5790708458776774,0.6756686888440098,-0.17952706342391528,3.2095082415784986,4.014202000308765
hCoV-19/mink/USA/WI/MP05N-101/2022-09-07,2022-09-07,101,-2.603453248282757,-0.36030404615281203,-0.29365586295857504,0.5771591913182419,-0.49656068151495575,0.3396814792681433,0.3544676792752201,3.5481066553382865,3.6664785738470624
hCoV-19/mink/USA/WI/MP05N-105/2022-09-07,2022-09-07,101,-3.0711479297433324,-0.7380234313030911,0.4509393308392779,0.0128153260242201,0.5435916775414804,0.7714258146471425,0.3383616398974178,4.064904703435426,4.2086463745577385
hCoV-19/mink/USA/WI/MP05N-107/2022-09-07,2022-09-07,101,-2.467925707868633,-0.6853407142578656,-0.02875059004030714,0.47915657305493875,-0.12180341846378374,1.013272794427916,0.1398484166512402,3.462600635901501,3.6428880014495846
hCoV-19/mink/USA/WI/MP05N-108/2022-09-07,2022-09-07,101,-2.467925707868633,-0.6853407142578656,-0.02875059004030714,0.47915657305493875,-0.12180341846378374,1.013272794427916,0.1398484166512402,3.462600635901501,3.6428880014495846
hCoV-19/mink/USA/WI/MP05N-109/2022-09-07,2022-09-07,101,-2.834131857795525,-0.7688694906228501,0.029737020141463566,0.33367928116165035,-0.02646061506934487,0.6440066928183895,0.295131206287567,3.8381026536857603,3.9142781586098288
hCoV-19/mink/USA/WI/MP05N-111/2022-09-07,2022-09-07,101,-2.442297811879125,-0.42967957143450003,-0.2514060911370594,0.3534177082191293,-0.13100564530729333,1.0322853678963653,0.14911065306444354,3.3958678405709652,3.5936823140660317
hCoV-19/mink/USA/WI/MP05N-113/2022-09-07,2022-09-07,101,-2.4175386581265492,-0.18268490802887488,-0.4665139481288378,0.23194117778453321,-0.13989593225780284,1.0506534473489344,0.158058915361945,3.3489026856501463,3.5806635055269345
hCoV-19/mink/USA/WI/MP05N-114/2022-09-07,2022-09-07,101,-2.467925707868633,-0.6853407142578656,-0.02875059004030714,0.47915657305493875,-0.12180341846378374,1.013272794427916,0.1398484166512402,3.462600635901501,3.6428880014495846
hCoV-19/mink/USA/WI/MP05N-119/2022-09-07,2022-09-07,101,-2.57499806393529,-0.10586001780807229,-0.5155701399882833,0.44749503730525475,-0.4993496621092081,0.3708449981511224,0.36012716084262014,3.5030092217518773,3.6473659197698107
hCoV-19/mink/USA/WI/MP05N-120/2022-09-07,2022-09-07,101,-1.952144197637684,-0.04094790557462835,-1.021085050005496,0.9299259443058261,-1.195250765894043,0.6098574451334096,0.15845772862678248,2.8788688923065227,3.475732244284175
hCoV-19/mink/USA/WI/MP05N-125/2022-09-07,2022-09-07,101,-3.645439313967556,-0.3923906139466553,-0.036834908688161194,1.2594857805683688,-0.5244425891994149,0.530579654490181,1.666443369888411,4.588581945228068,5.057696801708669
hCoV-19/mink/USA/WI/MP05N-130/2022-09-07,2022-09-07,101,-2.4752661341718185,0.3817592149294124,0.7283645903541756,0.623117157233285,-0.1429247478247398,0.7274831649760951,-0.06077486236653112,3.4232280158915733,3.5935444883134506
hCoV-19/mink/USA/WI/MP06N-040/2022-09-13,2022-09-13,107,-2.57499806393529,-0.10586001780807229,-0.5155701399882833,0.44749503730525475,-0.4993496621092081,0.3708449981511224,0.36012716084262014,3.5030092217518773,3.6473659197698107
hCoV-19/mink/USA/WI/MP06N-041/2022-09-13,2022-09-13,107,-2.8880082464469328,-0.16171261927094954,-0.5410807052634796,0.8581886241916903,-0.88855044939976,0.4396424695043378,0.024492633616661492,3.817829047254176,4.066833475410295
hCoV-19/mink/USA/WI/MP06N-082/2022-09-13,2022-09-13,107,-2.603453248282757,-0.36030404615281203,-0.29365586295857504,0.5771591913182419,-0.49656068151495575,0.3396814792681433,0.3544676792752201,3.5481066553382865,3.6664785738470624
hCoV-19/mink/USA/WI/MP06N-086/2022-09-13,2022-09-13,107,-2.57499806393529,-0.10586001780807229,-0.5155701399882833,0.44749503730525475,-0.4993496621092081,0.3708449981511224,0.36012716084262014,3.5030092217518773,3.6473659197698107
hCoV-19/mink/USA/WI/MP06N-091/2022-09-13,2022-09-13,107,-2.406603358193282,1.435549905341832,0.8715937610330017,3.1973972781412723,1.8692863192516769,-1.3406996777179443,-1.10872324069859,3.629606139968945,5.435073970374375
hCoV-19/mink/USA/WI/MP06N-105/2022-09-13,2022-09-13,107,-3.0711479297433324,-0.7380234313030911,0.4509393308392779,0.0128153260242201,0.5435916775414804,0.7714258146471425,0.3383616398974178,4.064904703435426,4.2086463745577385
hCoV-19/mink/USA/WI/MP06N-113/2022-09-13,2022-09-13,107,-1.8134476940149176,-0.1213357115659083,-0.9537515131133976,0.6940200904140381,-0.8056029681560672,1.293144921145588,-0.04014033376853048,2.7425249946991817,3.3814118628495446
hCoV-19/mink/USA/WI/MP06N-122/2022-09-13,2022-09-13,107,-2.834131857795525,-0.7688694906228501,0.029737020141463566,0.33367928116165035,-0.02646061506934487,0.6440066928183895,0.295131206287567,3.8381026536857603,3.9142781586098288
hCoV-19/mink/USA/WI/MP06N-129/2022-09-13,2022-09-13,107,-2.603453248282757,-0.36030404615281203,-0.29365586295857504,0.5771591913182419,-0.49656068151495575,0.3396814792681433,0.3544676792752201,3.5481066553382865,3.6664785738470624
hCoV-19/mink/USA/WI/MP06N-130/2022-09-13,2022-09-13,107,-2.4752661341718185,0.3817592149294124,0.7283645903541756,0.623117157233285,-0.1429247478247398,0.7274831649760951,-0.06077486236653112,3.4232280158915733,3.5935444883134506
hCoV-19/mink/USA/WI/MP11N-050/2022-10-10,2022-10-10,134,-0.36250206013081854,-0.4994216437625716,-0.8637867190824886,-0.6996644722719422,-0.3451296906008071,-0.420756353454434,-0.5021025419516459,1.381827329072518,2.0419382515993014
hCoV-19/mink/USA/WI/MP11N-210/2022-10-10,2022-10-10,134,-3.967286141938358,-0.02840306982632895,1.5012446079118311,0.21889167852643332,0.361036817345459,-0.9130009839269113,0.6251714059233586,4.893813545654893,5.201551856638633
hCoV-19/mink/USA/WI/MP12N-175/2022-10-19,2022-10-19,143,-1.8333874730733828,-0.10968578603108388,-0.15542982050402993,-1.7869936672302524,1.1667731499396607,-0.5955182187610424,0.04976253038050144,2.7619644842663598,3.6279735542504743
hCoV-19/mink/USA/WI/MP13N-192/2022-10-24,2022-10-24,148,-2.6612504374487047,0.2800207997247511,0.625902838425739,0.3748895790800229,-0.15899546198164088,0.1802429190148256,0.014088813365503113,3.5987224023089577,3.648435009968555
hCoV-19/mink/USA/WI/MP13N-193/2022-10-24,2022-10-24,148,-3.2867102658601075,-0.240420653425264,1.51614393624058,0.16888382496850385,0.490564896028762,-0.09952123221530601,0.18316402518617486,4.219938618103962,4.470684698219949
hCoV-19/mink/USA/WI/MP13N-214/2022-10-24,2022-10-24,148,-4.141330427498838,0.3752406309126841,0.9789146715087804,0.379918337660226,-0.04972400407022347,-0.7302250903847466,0.30858957723305197,5.081758811913816,5.208626407618966
hCoV-19/mink/USA/WI/MP13N-225/2022-10-24,2022-10-24,148,-3.5820933510374906,0.30503786768086305,1.2248666341126044,0.23829555597276808,0.2582637367725605,-0.5313033033417822,0.4816257773311354,4.518947056283115,4.703302652299746
hCoV-19/mink/USA/WI/MP14N-157/2022-11-03,2022-11-03,158,-2.6612504374487047,0.2800207997247511,0.625902838425739,0.3748895790800229,-0.15899546198164088,0.1802429190148256,0.014088813365503113,3.5987224023089577,3.648435009968555
hCoV-19/mink/USA/WI/MP14N-173/2022-11-03,2022-11-03,158,-3.719122153008163,0.1569055014736701,0.5764439030360022,1.200678751377059,-1.123884140498175,-0.6564649515191013,-0.26971146080368275,4.648270875844858,4.959633511886706
hCoV-19/mink/USA/WI/MP14N-188/2022-11-03,2022-11-03,158,-3.5820933510374906,0.30503786768086305,1.2248666341126044,0.23829555597276808,0.2582637367725605,-0.5313033033417822,0.4816257773311354,4.518947056283115,4.703302652299746
hCoV-19/mink/USA/WI/MP14N-198/2022-11-03,2022-11-03,158,-4.10212144093528,-0.19605055135662428,1.2140796216250225,0.6779251620359683,-0.17644592906371748,-0.2405655005413101,-0.2648774916306785,5.032340839880679,5.187800157850205
hCoV-19/mink/USA/WI/MP14N-223/2022-11-03,2022-11-03,158,-3.7205160623852502,-0.06943394815778466,1.3947195603291254,0.5461995217938005,0.2135929255249452,0.19259983414504311,-0.04212434173799411,4.647467117142829,4.8424236380205565
hCoV-19/mink/USA/WI/MP14N-230/2022-11-03,2022-11-03,158,-3.0125262342700974,-0.2339349583395919,1.027808727274591,1.002266756631541,-0.5183548986401356,0.18531401974362177,-0.3211030368333749,3.945837828027552,4.185672104620358
hCoV-19/mink/USA/WI/MP15N-157/2022-11-07,2022-11-07,162,-3.792470611659443,-0.06767607289404252,1.703734528222207,-0.3663558733185722,1.0752387020985503,-0.26934357368877315,0.37307427031592405,4.719389049996062,5.132502745999406
hCoV-19/mink/USA/WI/MP15N-158/2022-11-07,2022-11-07,162,-3.2495295799668344,-0.008429907894253422,1.2829356525326354,0.05626154412349495,0.4720794529414056,-0.06378698563767282,0.191130059112479,4.175988337817121,4.361147970032945
hCoV-19/mink/USA/WI/MP15N-161/2022-11-07,2022-11-07,162,-3.676338508806088,0.15979894728826646,1.1634697342971725,0.427491503903222,0.19957477228442466,0.22362245062008979,-0.03052462447420317,4.6056126297406434,4.739409369652108
hCoV-19/mink/USA/WI/MP15N-174/2022-11-07,2022-11-07,162,-4.246242347126804,0.09600169203062947,1.0017067298788087,0.7667832122191871,-0.5052123234616168,-0.8495491246650055,-0.08340947915160107,5.17361180133291,5.36589180465195
hCoV-19/mink/USA/WI/MP15N-175/2022-11-07,2022-11-07,162,-3.2495295799668344,-0.008429907894253422,1.2829356525326354,0.05626154412349495,0.4720794529414056,-0.06378698563767282,0.191130059112479,4.175988337817121,4.361147970032945
hCoV-19/mink/USA/WI/MP15N-195/2022-11-07,2022-11-07,162,-3.396777031087981,0.21725976450044995,1.2152509254487602,0.0366680354964143,0.581092314862222,0.15579497707881929,0.28219915903053133,4.328755145668242,4.513102655365599
hCoV-19/mink/USA/WI/MP15N-198/2022-11-07,2022-11-07,162,-4.10212144093528,-0.19605055135662428,1.2140796216250225,0.6779251620359683,-0.17644592906371748,-0.2405655005413101,-0.2648774916306785,5.032340839880679,5.187800157850205
hCoV-19/mink/USA/WI/MP15N-219/2022-11-07,2022-11-07,162,-3.984601929627062,0.15062570147008292,1.0492764069554514,0.3937524207191978,-0.14699354566003592,-0.9322578145269519,0.21854712305651608,4.913406704731616,5.086144536672603
hCoV-19/mink/USA/WI/MP15N-223/2022-11-07,2022-11-07,162,-3.4370315192648286,-0.014835998916165664,1.451217935100439,0.15084079587838822,0.60170272969971506,0.1231248591035004,0.2756181762040894,4.3635050691296815,4.6077123593450375
hCoV-19/mink/USA/WI/MP15N-233/2022-11-07,2022-11-07,162,-2.8604589250726864,0.04831827742222035,1.004742564153402,0.6037132797869499,-0.04015166725184116,0.345785484390966,0.08277076622569207,3.787237880778635,3.9314486588534643
hCoV-19/mink/USA/WI/MP15N-235/2022-11-07,2022-11-07,162,-4.091174511831828,0.5937765823187899,0.757935555236388,0.2657339578970158,-0.059340013138749495,-0.6850468817183547,0.3144382843978771,5.052801139946655,5.139868289194454
hCoV-19/mink/USA/WI/MP15N-245/2022-11-07,2022-11-07,162,-3.526990835040544,-0.061396272890455114,1.2309020243027575,0.44057045733928923,0.09834810726041127,0.006449289319077393,-0.11518431354427477,4.453847984623281,4.599145055957303
hCoV-19/mink/USA/WI/MP16N-159/2022-11-22,2022-11-22,177,-3.1225929994979706,0.22374545958612205,0.7269157164827715,0.8700509671594514,-0.42782747980667574,0.4406302290377468,-0.22206790298901863,4.05529961754782,4.216977715958997
hCoV-19/mink/USA/WI/MP16N-160/2022-11-22,2022-11-22,177,-3.4370315192648286,-0.014835998916165664,1.451217935100439,0.15084079587838822,0.60170272969971506,0.1231248591035004,0.2756181762040894,4.3635050691296815,4.6077123593450375
hCoV-19/mink/USA/WI/MP16N-165/2022-11-22,2022-11-22,177,-4.205414866764515,0.23346491777366093,0.9317031038050072,0.5538457288390842,-0.09148942831231656,-9.610579729771931e-4,-0.17193682756135925,5.13723851958866,5.218590362276948
hCoV-19/mink/USA/WI/MP16N-166/2022-11-22,2022-11-22,177,-4.205414866764515,0.23346491777366093,0.9317031038050072,0.5538457288390842,-0.09148942831231656,-9.610579729771931e-4,-0.17193682756135925,5.13723851958866,5.218590362276948
hCoV-19/mink/USA/WI/MP16N-170/2022-11-22,2022-11-22,177,-3.5680470139851157,-0.2904995284128395,1.459509632011705,0.557574780641891,0.11050747310956893,-0.02757575529832374,-0.12796241745010234,4.503789164069342,4.715673000765034
